-- phpMyAdmin SQL Dump
-- version 4.9.5deb2
-- https://www.phpmyadmin.net/
--
-- Host: localhost:3306
-- Generation Time: Aug 15, 2020 at 09:40 AM
-- Server version: 10.3.22-MariaDB-1ubuntu1
-- PHP Version: 7.4.3

SET SQL_MODE = "NO_AUTO_VALUE_ON_ZERO";
SET AUTOCOMMIT = 0;
START TRANSACTION;
SET time_zone = "+00:00";


/*!40101 SET @OLD_CHARACTER_SET_CLIENT=@@CHARACTER_SET_CLIENT */;
/*!40101 SET @OLD_CHARACTER_SET_RESULTS=@@CHARACTER_SET_RESULTS */;
/*!40101 SET @OLD_COLLATION_CONNECTION=@@COLLATION_CONNECTION */;
/*!40101 SET NAMES utf8mb4 */;

--
-- Database: `CR7_fasy`
--
CREATE DATABASE IF NOT EXISTS `CR7_fasy` DEFAULT CHARACTER SET utf8 COLLATE utf8_general_ci;
USE `CR7_fasy`;

-- --------------------------------------------------------

--
-- Table structure for table `attends`
--

CREATE TABLE `attends` (
  `id` int(11) NOT NULL,
  `fk_student` int(11) NOT NULL,
  `fk_class` int(11) NOT NULL
) ENGINE=InnoDB DEFAULT CHARSET=utf8;

--
-- Dumping data for table `attends`
--

INSERT INTO `attends` (`id`, `fk_student`, `fk_class`) VALUES
(1, 291, 20),
(2, 387, 16),
(3, 392, 7),
(4, 364, 15),
(5, 500, 3),
(6, 221, 24),
(7, 476, 21),
(8, 289, 6),
(9, 329, 23),
(10, 385, 6),
(11, 178, 10),
(12, 259, 2),
(13, 362, 5),
(14, 170, 9),
(15, 189, 18),
(16, 282, 9),
(17, 333, 10),
(18, 37, 13),
(19, 278, 9),
(20, 212, 1),
(21, 150, 11),
(22, 66, 18),
(23, 268, 15),
(24, 251, 11),
(25, 5, 8),
(26, 166, 6),
(27, 18, 17),
(28, 9, 8),
(29, 410, 5),
(30, 313, 8),
(31, 376, 5),
(32, 400, 12),
(33, 453, 7),
(34, 315, 3),
(35, 463, 6),
(36, 490, 12),
(37, 167, 23),
(38, 492, 19),
(39, 148, 14),
(40, 123, 5),
(41, 349, 21),
(42, 433, 11),
(43, 468, 15),
(44, 185, 20),
(45, 416, 12),
(46, 217, 21),
(47, 440, 3),
(48, 90, 18),
(49, 182, 4),
(50, 418, 10),
(51, 413, 24),
(52, 172, 19),
(53, 248, 18),
(54, 49, 20),
(55, 206, 8),
(56, 442, 20),
(57, 402, 16),
(58, 252, 14),
(59, 493, 14),
(60, 126, 12),
(61, 311, 4),
(62, 157, 19),
(63, 176, 19),
(64, 298, 11),
(65, 437, 23),
(66, 184, 1),
(67, 314, 12),
(68, 328, 12),
(69, 308, 23),
(70, 411, 3),
(71, 39, 15),
(72, 238, 23),
(73, 443, 14),
(74, 38, 16),
(75, 113, 14),
(76, 491, 13),
(77, 303, 3),
(78, 494, 24),
(79, 301, 12),
(80, 51, 6),
(81, 390, 10),
(82, 12, 12),
(83, 20, 1),
(84, 55, 3),
(85, 159, 8),
(86, 488, 1),
(87, 389, 8),
(88, 382, 21),
(89, 374, 23),
(90, 473, 11),
(91, 381, 2),
(92, 253, 10),
(93, 118, 6),
(94, 122, 9),
(95, 93, 4),
(96, 130, 23),
(97, 429, 16),
(98, 142, 3),
(99, 216, 24),
(100, 424, 16),
(101, 262, 6),
(102, 359, 11),
(103, 254, 13),
(104, 244, 19),
(105, 63, 24),
(106, 214, 7),
(107, 72, 17),
(108, 95, 20),
(109, 223, 10),
(110, 375, 9),
(111, 183, 12),
(112, 101, 5),
(113, 460, 7),
(114, 83, 21),
(115, 94, 24),
(116, 120, 18),
(117, 242, 17),
(118, 110, 9),
(119, 317, 23),
(120, 121, 19),
(121, 31, 20),
(122, 97, 11),
(123, 357, 16),
(124, 195, 12),
(125, 53, 3),
(126, 16, 24),
(127, 335, 24),
(128, 106, 8),
(129, 77, 22),
(130, 86, 17),
(131, 168, 3),
(132, 80, 24),
(133, 466, 13),
(134, 266, 22),
(135, 213, 4),
(136, 82, 17),
(137, 464, 16),
(138, 54, 24),
(139, 26, 14),
(140, 202, 3),
(141, 226, 11),
(142, 70, 18),
(143, 164, 21),
(144, 422, 14),
(145, 100, 4),
(146, 155, 2),
(147, 154, 16),
(148, 292, 4),
(149, 481, 14),
(150, 370, 20),
(151, 207, 5),
(152, 50, 8),
(153, 293, 23),
(154, 334, 3),
(155, 33, 6),
(156, 256, 15),
(157, 421, 22),
(158, 475, 22),
(159, 225, 15),
(160, 75, 18),
(161, 296, 17),
(162, 447, 14),
(163, 341, 18),
(164, 388, 7),
(165, 76, 17),
(166, 265, 7),
(167, 115, 9),
(168, 459, 14),
(169, 211, 17),
(170, 107, 12),
(171, 131, 15),
(172, 69, 11),
(173, 378, 4),
(174, 173, 17),
(175, 35, 22),
(176, 420, 18),
(177, 486, 3),
(178, 257, 13),
(179, 395, 5),
(180, 477, 15),
(181, 363, 22),
(182, 369, 10),
(183, 347, 24),
(184, 258, 23),
(185, 24, 11),
(186, 197, 11),
(187, 393, 17),
(188, 353, 22),
(189, 42, 9),
(190, 30, 22),
(191, 89, 4),
(192, 300, 18),
(193, 380, 16),
(194, 92, 3),
(195, 152, 2),
(196, 340, 8),
(197, 436, 17),
(198, 407, 15),
(199, 383, 21),
(200, 129, 22),
(201, 264, 5),
(202, 394, 15),
(203, 277, 1),
(204, 230, 2),
(205, 337, 18),
(206, 325, 16),
(207, 350, 6),
(208, 287, 10),
(209, 2, 20),
(210, 198, 5),
(211, 280, 16),
(212, 338, 1),
(213, 276, 17),
(214, 191, 7),
(215, 58, 22),
(216, 233, 24),
(217, 36, 10),
(218, 158, 7),
(219, 479, 7),
(220, 318, 10),
(221, 309, 15),
(222, 485, 6),
(223, 239, 15),
(224, 237, 13),
(225, 307, 1),
(226, 71, 18),
(227, 34, 14),
(228, 319, 10),
(229, 458, 6),
(230, 68, 23),
(231, 190, 17),
(232, 365, 5),
(233, 366, 19),
(234, 227, 16),
(235, 384, 3),
(236, 386, 12),
(237, 471, 7),
(238, 467, 13),
(239, 84, 19),
(240, 104, 7),
(241, 279, 24),
(242, 441, 4),
(243, 324, 5),
(244, 482, 4),
(245, 434, 10),
(246, 345, 8),
(247, 306, 16),
(248, 186, 3),
(249, 456, 24),
(250, 271, 7),
(251, 419, 22),
(252, 96, 11),
(253, 321, 24),
(254, 187, 1),
(255, 379, 10),
(256, 336, 2),
(257, 316, 7),
(258, 160, 21),
(259, 161, 23),
(260, 403, 13),
(261, 111, 4),
(262, 412, 2),
(263, 310, 2),
(264, 29, 7),
(265, 288, 14),
(266, 13, 5),
(267, 269, 17),
(268, 133, 16),
(269, 134, 12),
(270, 469, 11),
(271, 438, 4),
(272, 472, 9),
(273, 62, 5),
(274, 127, 4),
(275, 250, 4),
(276, 483, 4),
(277, 428, 20),
(278, 3, 18),
(279, 439, 21),
(280, 128, 19),
(281, 255, 1),
(282, 138, 11),
(283, 57, 21),
(284, 47, 15),
(285, 171, 12),
(286, 236, 24),
(287, 450, 6),
(288, 151, 13),
(289, 137, 2),
(290, 188, 18),
(291, 48, 7),
(292, 404, 1),
(293, 249, 21),
(294, 299, 17),
(295, 371, 4),
(296, 74, 5),
(297, 79, 23),
(298, 56, 10),
(299, 497, 10),
(300, 21, 17),
(301, 91, 13),
(302, 326, 17),
(303, 323, 11),
(304, 263, 18),
(305, 147, 24),
(306, 281, 3),
(307, 17, 7),
(308, 228, 16),
(309, 136, 3),
(310, 165, 18),
(311, 67, 21),
(312, 377, 20),
(313, 87, 16),
(314, 99, 1),
(315, 181, 2),
(316, 445, 10),
(317, 81, 23),
(318, 232, 13),
(319, 495, 2),
(320, 61, 4),
(321, 406, 14),
(322, 455, 15),
(323, 65, 20),
(324, 88, 2),
(325, 474, 11),
(326, 274, 11),
(327, 194, 18),
(328, 480, 10),
(329, 64, 1),
(330, 409, 9),
(331, 241, 2),
(332, 200, 12),
(333, 41, 18),
(334, 451, 19),
(335, 146, 22),
(336, 231, 5),
(337, 40, 1),
(338, 1, 2),
(339, 478, 1),
(340, 499, 8),
(341, 342, 17),
(342, 327, 12),
(343, 361, 14),
(344, 143, 14),
(345, 415, 21),
(346, 368, 17),
(347, 14, 14),
(348, 208, 8),
(349, 302, 11),
(350, 196, 1),
(351, 391, 10),
(352, 360, 19),
(353, 432, 22),
(354, 203, 17),
(355, 343, 9),
(356, 305, 14),
(357, 23, 9),
(358, 372, 13),
(359, 417, 10),
(360, 470, 8),
(361, 273, 12),
(362, 28, 10),
(363, 73, 2),
(364, 156, 20),
(365, 462, 8),
(366, 354, 16),
(367, 397, 2),
(368, 44, 23),
(369, 141, 10),
(370, 169, 8),
(371, 59, 9),
(372, 124, 13),
(373, 358, 2),
(374, 135, 15),
(375, 175, 20),
(376, 290, 22),
(377, 489, 22),
(378, 109, 15),
(379, 346, 19),
(380, 177, 15),
(381, 427, 22),
(382, 260, 1),
(383, 367, 6),
(384, 356, 15),
(385, 145, 6),
(386, 461, 4),
(387, 448, 13),
(388, 243, 7),
(389, 78, 19),
(390, 112, 17),
(391, 339, 19),
(392, 286, 13),
(393, 320, 5),
(394, 351, 16),
(395, 396, 22),
(396, 105, 6),
(397, 348, 20),
(398, 144, 19),
(399, 414, 3),
(400, 25, 16),
(401, 295, 6),
(402, 285, 13),
(403, 267, 23),
(404, 332, 16),
(405, 399, 18),
(406, 15, 23),
(407, 484, 15),
(408, 132, 8),
(409, 425, 6),
(410, 245, 7),
(411, 46, 5),
(412, 163, 13),
(413, 283, 13),
(414, 85, 21),
(415, 4, 21),
(416, 7, 19),
(417, 179, 14),
(418, 454, 22),
(419, 43, 20),
(420, 247, 9),
(421, 209, 14),
(422, 401, 12),
(423, 498, 8),
(424, 449, 1),
(425, 149, 19),
(426, 117, 13),
(427, 220, 8),
(428, 430, 8),
(429, 224, 11),
(430, 431, 20),
(431, 8, 11),
(432, 32, 3),
(433, 426, 21),
(434, 19, 12),
(435, 408, 24),
(436, 201, 9),
(437, 331, 21),
(438, 229, 13),
(439, 193, 15),
(440, 11, 20),
(441, 10, 9),
(442, 284, 21),
(443, 205, 13),
(444, 116, 22),
(445, 125, 9),
(446, 352, 3),
(447, 234, 6),
(448, 330, 23),
(449, 114, 7),
(450, 435, 19),
(451, 294, 19),
(452, 22, 14),
(453, 446, 1),
(454, 219, 6),
(455, 45, 4),
(456, 215, 7),
(457, 139, 6),
(458, 235, 12),
(459, 222, 8),
(460, 153, 9),
(461, 405, 1),
(462, 297, 20),
(463, 398, 2),
(464, 60, 19),
(465, 102, 2),
(466, 174, 5),
(467, 52, 14),
(468, 6, 9),
(469, 496, 21),
(470, 180, 6),
(471, 98, 7),
(472, 465, 20),
(473, 373, 4),
(474, 444, 3),
(475, 140, 9),
(476, 210, 9),
(477, 246, 2),
(478, 204, 5),
(479, 275, 20),
(480, 355, 18),
(481, 457, 12),
(482, 218, 2),
(483, 304, 1),
(484, 344, 18),
(485, 261, 5),
(486, 240, 11),
(487, 312, 23),
(488, 487, 24),
(489, 452, 23),
(490, 119, 16),
(491, 192, 21),
(492, 27, 1),
(493, 322, 8),
(494, 423, 19),
(495, 162, 22),
(496, 199, 15),
(497, 272, 5),
(498, 108, 24),
(499, 270, 4),
(500, 103, 20);

-- --------------------------------------------------------

--
-- Table structure for table `classes`
--

CREATE TABLE `classes` (
  `id` int(11) NOT NULL,
  `name` varchar(7) NOT NULL
) ENGINE=InnoDB DEFAULT CHARSET=utf8;

--
-- Dumping data for table `classes`
--

INSERT INTO `classes` (`id`, `name`) VALUES
(1, '1a'),
(2, '1b'),
(3, '1c'),
(4, '2a'),
(5, '2b'),
(6, '2c'),
(7, '3a'),
(8, '3b'),
(9, '3c'),
(10, '4a'),
(11, '4b'),
(12, '4c'),
(13, '5a'),
(14, '5b'),
(15, '5c'),
(16, '6a'),
(17, '6b'),
(18, '6c'),
(19, '7a'),
(20, '7b'),
(21, '7c'),
(22, '8a'),
(23, '8b'),
(24, '8c');

-- --------------------------------------------------------

--
-- Table structure for table `students`
--

CREATE TABLE `students` (
  `id` int(11) NOT NULL,
  `firstname` varchar(45) NOT NULL,
  `lastname` varchar(45) NOT NULL,
  `email` varchar(45) NOT NULL
) ENGINE=InnoDB DEFAULT CHARSET=utf8;

--
-- Dumping data for table `students`
--

INSERT INTO `students` (`id`, `firstname`, `lastname`, `email`) VALUES
(1, 'Alix', 'McGilleghole', 'amcgilleghole0@mlb.com'),
(2, 'Kellia', 'Robecon', 'krobecon1@intel.com'),
(3, 'Crin', 'Askham', 'caskham2@tripadvisor.com'),
(4, 'Chet', 'Carwardine', 'ccarwardine3@yellowbook.com'),
(5, 'Rob', 'Worsom', 'rworsom4@vkontakte.ru'),
(6, 'Godwin', 'Rustidge', 'grustidge5@g.co'),
(7, 'Zelma', 'Sherrington', 'zsherrington6@bloglovin.com'),
(8, 'Delainey', 'Ballham', 'dballham7@illinois.edu'),
(9, 'Ignatius', 'Abadam', 'iabadam8@bbb.org'),
(10, 'Andeee', 'Hylden', 'ahylden9@va.gov'),
(11, 'Adham', 'Caldeiro', 'acaldeiroa@mozilla.com'),
(12, 'Dean', 'Linham', 'dlinhamb@wix.com'),
(13, 'Bernice', 'Devanney', 'bdevanneyc@uiuc.edu'),
(14, 'Drud', 'Stickney', 'dstickneyd@sciencedaily.com'),
(15, 'Gerty', 'Caddell', 'gcaddelle@google.com.br'),
(16, 'Carly', 'Tremain', 'ctremainf@mlb.com'),
(17, 'Rex', 'Gelderd', 'rgelderdg@reverbnation.com'),
(18, 'Ozzy', 'Haverson', 'ohaversonh@wix.com'),
(19, 'Anni', 'Lande', 'alandei@vinaora.com'),
(20, 'Annalise', 'Weins', 'aweinsj@walmart.com'),
(21, 'Lynnette', 'Strand', 'lstrandk@ca.gov'),
(22, 'Seana', 'Hamflett', 'shamflettl@elegantthemes.com'),
(23, 'Jedd', 'Yesinov', 'jyesinovm@bandcamp.com'),
(24, 'Millard', 'Busch', 'mbuschn@harvard.edu'),
(25, 'Timmy', 'Gueste', 'tguesteo@cornell.edu'),
(26, 'Laurella', 'Spikins', 'lspikinsp@cdbaby.com'),
(27, 'Homerus', 'Hadkins', 'hhadkinsq@reverbnation.com'),
(28, 'Julia', 'Ginglell', 'jginglellr@ask.com'),
(29, 'Loella', 'Bending', 'lbendings@multiply.com'),
(30, 'Desi', 'Behne', 'dbehnet@howstuffworks.com'),
(31, 'Chucho', 'Prattin', 'cprattinu@telegraph.co.uk'),
(32, 'Kev', 'Zettoi', 'kzettoiv@adobe.com'),
(33, 'Pate', 'Hemphrey', 'phemphreyw@earthlink.net'),
(34, 'Derwin', 'Gliddon', 'dgliddonx@auda.org.au'),
(35, 'Lolita', 'Gentzsch', 'lgentzschy@pcworld.com'),
(36, 'Matthaeus', 'Krolak', 'mkrolakz@imgur.com'),
(37, 'Maureene', 'Jolland', 'mjolland10@amazon.co.jp'),
(38, 'Broddie', 'Giacomucci', 'bgiacomucci11@webeden.co.uk'),
(39, 'Wini', 'Pedri', 'wpedri12@ft.com'),
(40, 'Benoite', 'Pinchback', 'bpinchback13@com.com'),
(41, 'Felicia', 'Pirrey', 'fpirrey14@chicagotribune.com'),
(42, 'Dannie', 'Ramelot', 'dramelot15@timesonline.co.uk'),
(43, 'Jena', 'Fahy', 'jfahy16@wunderground.com'),
(44, 'Stella', 'Riggs', 'sriggs17@un.org'),
(45, 'Rosana', 'Vonasek', 'rvonasek18@usgs.gov'),
(46, 'Thibaut', 'Frantzeni', 'tfrantzeni19@sfgate.com'),
(47, 'Otto', 'Surtees', 'osurtees1a@wikipedia.org'),
(48, 'Damaris', 'Caurah', 'dcaurah1b@cornell.edu'),
(49, 'Cirillo', 'Elsegood', 'celsegood1c@toplist.cz'),
(50, 'Guthry', 'Le Sieur', 'glesieur1d@elpais.com'),
(51, 'Lesly', 'Anmore', 'lanmore1e@usgs.gov'),
(52, 'Rodina', 'Sleicht', 'rsleicht1f@cam.ac.uk'),
(53, 'Cathee', 'Ellesworthe', 'cellesworthe1g@newyorker.com'),
(54, 'Ryun', 'Schroter', 'rschroter1h@ca.gov'),
(55, 'Colette', 'McKelvey', 'cmckelvey1i@hubpages.com'),
(56, 'Jesse', 'Wressell', 'jwressell1j@bigcartel.com'),
(57, 'Anica', 'McShane', 'amcshane1k@posterous.com'),
(58, 'Reese', 'Braden', 'rbraden1l@telegraph.co.uk'),
(59, 'Arlene', 'Cotgrave', 'acotgrave1m@time.com'),
(60, 'Wolf', 'Kitlee', 'wkitlee1n@sciencedaily.com'),
(61, 'Donny', 'Styche', 'dstyche1o@ask.com'),
(62, 'Kinnie', 'Boardman', 'kboardman1p@ucsd.edu'),
(63, 'Melamie', 'Calkin', 'mcalkin1q@wsj.com'),
(64, 'Antonina', 'Major', 'amajor1r@phpbb.com'),
(65, 'Herold', 'Heel', 'hheel1s@pagesperso-orange.fr'),
(66, 'Milissent', 'Deane', 'mdeane1t@amazon.co.uk'),
(67, 'Nola', 'Crowch', 'ncrowch1u@ameblo.jp'),
(68, 'Merla', 'Christoffe', 'mchristoffe1v@wunderground.com'),
(69, 'Granville', 'Jenkyn', 'gjenkyn1w@usatoday.com'),
(70, 'Michele', 'Dewdney', 'mdewdney1x@scribd.com'),
(71, 'Tomkin', 'Bartolacci', 'tbartolacci1y@google.co.jp'),
(72, 'Peg', 'Mulheron', 'pmulheron1z@chron.com'),
(73, 'Marylinda', 'Kilminster', 'mkilminster20@loc.gov'),
(74, 'Zachary', 'Antonelli', 'zantonelli21@etsy.com'),
(75, 'Anny', 'Kincade', 'akincade22@gov.uk'),
(76, 'Dukey', 'Beards', 'dbeards23@who.int'),
(77, 'King', 'Hatchell', 'khatchell24@nasa.gov'),
(78, 'Eustace', 'Droghan', 'edroghan25@uol.com.br'),
(79, 'Winn', 'Vere', 'wvere26@gravatar.com'),
(80, 'Micki', 'Deplacido', 'mdeplacido27@weibo.com'),
(81, 'Maude', 'Assel', 'massel28@sbwire.com'),
(82, 'Aretha', 'Mellon', 'amellon29@illinois.edu'),
(83, 'Thoma', 'Bodesson', 'tbodesson2a@mit.edu'),
(84, 'Sean', 'Fligg', 'sfligg2b@1und1.de'),
(85, 'Boone', 'Petzold', 'bpetzold2c@businessweek.com'),
(86, 'Thaddus', 'Jales', 'tjales2d@desdev.cn'),
(87, 'Haywood', 'Benedettini', 'hbenedettini2e@reference.com'),
(88, 'Gillian', 'Luckman', 'gluckman2f@cdbaby.com'),
(89, 'Joshua', 'Rappa', 'jrappa2g@businesswire.com'),
(90, 'Tammi', 'Rann', 'trann2h@fda.gov'),
(91, 'Conrade', 'Frow', 'cfrow2i@eventbrite.com'),
(92, 'Hildy', 'Dodds', 'hdodds2j@liveinternet.ru'),
(93, 'Faber', 'Bamber', 'fbamber2k@icio.us'),
(94, 'Dalt', 'Robbins', 'drobbins2l@mozilla.org'),
(95, 'Christoforo', 'Scimonelli', 'cscimonelli2m@jalbum.net'),
(96, 'Evelina', 'Strank', 'estrank2n@ebay.com'),
(97, 'Walt', 'Nabbs', 'wnabbs2o@java.com'),
(98, 'Marnia', 'Reder', 'mreder2p@ifeng.com'),
(99, 'Esme', 'Strike', 'estrike2q@nhs.uk'),
(100, 'Felike', 'Treske', 'ftreske2r@boston.com'),
(101, 'Gusella', 'Barnardo', 'gbarnardo2s@blogger.com'),
(102, 'Masha', 'Davydoch', 'mdavydoch2t@ft.com'),
(103, 'Mateo', 'Filliskirk', 'mfilliskirk2u@huffingtonpost.com'),
(104, 'Hillary', 'Kimbrey', 'hkimbrey2v@senate.gov'),
(105, 'Gradeigh', 'Pechan', 'gpechan2w@redcross.org'),
(106, 'Mirabel', 'MacGowan', 'mmacgowan2x@wired.com'),
(107, 'Cynthea', 'Folbig', 'cfolbig2y@wix.com'),
(108, 'Ramona', 'Given', 'rgiven2z@chron.com'),
(109, 'Staffard', 'Renahan', 'srenahan30@omniture.com'),
(110, 'Jermaine', 'Padbury', 'jpadbury31@springer.com'),
(111, 'Ferguson', 'Spriggs', 'fspriggs32@baidu.com'),
(112, 'Redd', 'Wadesworth', 'rwadesworth33@livejournal.com'),
(113, 'Conny', 'Shilstone', 'cshilstone34@icq.com'),
(114, 'Murvyn', 'Prine', 'mprine35@clickbank.net'),
(115, 'Vere', 'Hawkswell', 'vhawkswell36@discuz.net'),
(116, 'Isa', 'Haet', 'ihaet37@smh.com.au'),
(117, 'Zuzana', 'Whifen', 'zwhifen38@ifeng.com'),
(118, 'Alaric', 'Salandino', 'asalandino39@oaic.gov.au'),
(119, 'L;urette', 'Blore', 'lblore3a@japanpost.jp'),
(120, 'Arnold', 'Wickling', 'awickling3b@si.edu'),
(121, 'Ruprecht', 'Riccardelli', 'rriccardelli3c@cam.ac.uk'),
(122, 'Lucas', 'Pinnington', 'lpinnington3d@netscape.com'),
(123, 'Gena', 'Ewles', 'gewles3e@youtu.be'),
(124, 'Jacques', 'Crigin', 'jcrigin3f@blinklist.com'),
(125, 'Gael', 'Chilvers', 'gchilvers3g@51.la'),
(126, 'Claudetta', 'Philipp', 'cphilipp3h@zdnet.com'),
(127, 'Zed', 'Malham', 'zmalham3i@smugmug.com'),
(128, 'Evanne', 'Farady', 'efarady3j@craigslist.org'),
(129, 'Ruthe', 'Droghan', 'rdroghan3k@altervista.org'),
(130, 'Worth', 'Bushen', 'wbushen3l@amazon.co.jp'),
(131, 'Gherardo', 'Dron', 'gdron3m@amazon.de'),
(132, 'Lyndel', 'Johanning', 'ljohanning3n@cdbaby.com'),
(133, 'Nana', 'Greenhowe', 'ngreenhowe3o@mozilla.com'),
(134, 'Greg', 'McQuode', 'gmcquode3p@webs.com'),
(135, 'Adara', 'Carlsen', 'acarlsen3q@infoseek.co.jp'),
(136, 'D\'arcy', 'Varney', 'dvarney3r@hostgator.com'),
(137, 'Bryn', 'Boggish', 'bboggish3s@wired.com'),
(138, 'Giorgio', 'Roelvink', 'groelvink3t@ft.com'),
(139, 'Richie', 'Grigson', 'rgrigson3u@trellian.com'),
(140, 'Jeromy', 'Tinston', 'jtinston3v@google.pl'),
(141, 'Missie', 'Grigaut', 'mgrigaut3w@xing.com'),
(142, 'Alexi', 'Aubray', 'aaubray3x@mozilla.org'),
(143, 'Jonathan', 'Macourek', 'jmacourek3y@elpais.com'),
(144, 'Emelyne', 'Yeaman', 'eyeaman3z@ca.gov'),
(145, 'Johnette', 'Valentin', 'jvalentin40@shop-pro.jp'),
(146, 'Emmeline', 'Stollenberg', 'estollenberg41@pagesperso-orange.fr'),
(147, 'Merilee', 'Warby', 'mwarby42@themeforest.net'),
(148, 'Stanley', 'Haydon', 'shaydon43@jigsy.com'),
(149, 'Sib', 'Andrysiak', 'sandrysiak44@a8.net'),
(150, 'Ike', 'Sommerville', 'isommerville45@techcrunch.com'),
(151, 'Pearle', 'Sneesbie', 'psneesbie46@china.com.cn'),
(152, 'Gris', 'Vasilchenko', 'gvasilchenko47@creativecommons.org'),
(153, 'Chelsey', 'Shute', 'cshute48@google.com.br'),
(154, 'Tate', 'Feacham', 'tfeacham49@github.com'),
(155, 'Ugo', 'Larkworthy', 'ularkworthy4a@amazon.co.jp'),
(156, 'Dallas', 'Worlidge', 'dworlidge4b@1und1.de'),
(157, 'Omero', 'Mallia', 'omallia4c@weather.com'),
(158, 'Fonz', 'Hammersley', 'fhammersley4d@vk.com'),
(159, 'Winfield', 'Skillen', 'wskillen4e@cam.ac.uk'),
(160, 'Haven', 'Seilmann', 'hseilmann4f@bandcamp.com'),
(161, 'Alanna', 'Beckingham', 'abeckingham4g@ezinearticles.com'),
(162, 'Willetta', 'Viveash', 'wviveash4h@gravatar.com'),
(163, 'Katine', 'Cohn', 'kcohn4i@behance.net'),
(164, 'Costa', 'Reddyhoff', 'creddyhoff4j@wix.com'),
(165, 'Brittne', 'Kelloch', 'bkelloch4k@sina.com.cn'),
(166, 'Sandi', 'Tomadoni', 'stomadoni4l@newsvine.com'),
(167, 'Sharia', 'Blunsum', 'sblunsum4m@mail.ru'),
(168, 'Welsh', 'Bordone', 'wbordone4n@rambler.ru'),
(169, 'Cal', 'Capoun', 'ccapoun4o@slate.com'),
(170, 'Cal', 'Laskey', 'claskey4p@arstechnica.com'),
(171, 'Ruddy', 'Petzolt', 'rpetzolt4q@blogspot.com'),
(172, 'Reta', 'Syson', 'rsyson4r@multiply.com'),
(173, 'Bell', 'Cardew', 'bcardew4s@ihg.com'),
(174, 'Doro', 'Edlyne', 'dedlyne4t@shareasale.com'),
(175, 'Gottfried', 'de Guerre', 'gdeguerre4u@washington.edu'),
(176, 'Valaree', 'Iglesia', 'viglesia4v@dell.com'),
(177, 'Celestyna', 'Whiteland', 'cwhiteland4w@topsy.com'),
(178, 'Jae', 'Pryn', 'jpryn4x@ameblo.jp'),
(179, 'Hetti', 'Egerton', 'hegerton4y@pbs.org'),
(180, 'Dalis', 'Bayles', 'dbayles4z@fc2.com'),
(181, 'Kylynn', 'Odam', 'kodam50@macromedia.com'),
(182, 'Gregorio', 'Gaffney', 'ggaffney51@wiley.com'),
(183, 'Fernando', 'Olrenshaw', 'folrenshaw52@printfriendly.com'),
(184, 'Angelita', 'Johnsey', 'ajohnsey53@economist.com'),
(185, 'Thebault', 'Sturdey', 'tsturdey54@last.fm'),
(186, 'Ingemar', 'Benfield', 'ibenfield55@shutterfly.com'),
(187, 'Gayelord', 'Ucceli', 'gucceli56@sbwire.com'),
(188, 'Barnett', 'Arguile', 'barguile57@yelp.com'),
(189, 'Karleen', 'Grossier', 'kgrossier58@last.fm'),
(190, 'Jay', 'Carillo', 'jcarillo59@umich.edu'),
(191, 'Edie', 'Claeskens', 'eclaeskens5a@webnode.com'),
(192, 'Dreddy', 'Whytock', 'dwhytock5b@tripod.com'),
(193, 'Sheri', 'Juorio', 'sjuorio5c@ocn.ne.jp'),
(194, 'Ray', 'Bugge', 'rbugge5d@people.com.cn'),
(195, 'Jethro', 'Ainscough', 'jainscough5e@wunderground.com'),
(196, 'Odell', 'Pettican', 'opettican5f@imdb.com'),
(197, 'Anders', 'MacGauhy', 'amacgauhy5g@hc360.com'),
(198, 'Ingar', 'Barhems', 'ibarhems5h@shutterfly.com'),
(199, 'Stephie', 'Dominik', 'sdominik5i@harvard.edu'),
(200, 'Armando', 'Abbett', 'aabbett5j@berkeley.edu'),
(201, 'Forrester', 'Sondland', 'fsondland5k@psu.edu'),
(202, 'Karin', 'Dobbinson', 'kdobbinson5l@mayoclinic.com'),
(203, 'Ferdie', 'Barthelet', 'fbarthelet5m@lulu.com'),
(204, 'Johnnie', 'Bruckental', 'jbruckental5n@wp.com'),
(205, 'Henriette', 'Weatherall', 'hweatherall5o@java.com'),
(206, 'Michel', 'Ungaretti', 'mungaretti5p@bloglovin.com'),
(207, 'Estelle', 'Ollet', 'eollet5q@e-recht24.de'),
(208, 'Phil', 'Doggrell', 'pdoggrell5r@tiny.cc'),
(209, 'Kirk', 'Eyles', 'keyles5s@storify.com'),
(210, 'Lesley', 'Boullin', 'lboullin5t@de.vu'),
(211, 'Ulrica', 'Apark', 'uapark5u@noaa.gov'),
(212, 'Mildred', 'Stickland', 'mstickland5v@eepurl.com'),
(213, 'Gwenora', 'Bliven', 'gbliven5w@nasa.gov'),
(214, 'Walker', 'Raeside', 'wraeside5x@t-online.de'),
(215, 'Norrie', 'Kingswold', 'nkingswold5y@newsvine.com'),
(216, 'Zora', 'Trematick', 'ztrematick5z@discovery.com'),
(217, 'Robina', 'Bercevelo', 'rbercevelo60@yolasite.com'),
(218, 'Dani', 'Harcase', 'dharcase61@noaa.gov'),
(219, 'Rees', 'Millbank', 'rmillbank62@cnet.com'),
(220, 'Julissa', 'Duffin', 'jduffin63@paypal.com'),
(221, 'Claire', 'Timby', 'ctimby64@multiply.com'),
(222, 'Constance', 'Manville', 'cmanville65@skype.com'),
(223, 'Gustav', 'Abendroth', 'gabendroth66@cyberchimps.com'),
(224, 'Keriann', 'Bewick', 'kbewick67@bizjournals.com'),
(225, 'Ronalda', 'Annott', 'rannott68@delicious.com'),
(226, 'Gualterio', 'Tynnan', 'gtynnan69@vinaora.com'),
(227, 'Gay', 'Biffin', 'gbiffin6a@symantec.com'),
(228, 'Chrystal', 'Dinnies', 'cdinnies6b@parallels.com'),
(229, 'Jacquelyn', 'O\'Fairy', 'jofairy6c@chicagotribune.com'),
(230, 'Doroteya', 'Dodds', 'ddodds6d@seattletimes.com'),
(231, 'Modesta', 'Garlee', 'mgarlee6e@economist.com'),
(232, 'Kenneth', 'Medley', 'kmedley6f@privacy.gov.au'),
(233, 'Brendis', 'Angelo', 'bangelo6g@google.pl'),
(234, 'Orlando', 'Ingall', 'oingall6h@51.la'),
(235, 'Collen', 'Chatres', 'cchatres6i@studiopress.com'),
(236, 'Francene', 'Ashlee', 'fashlee6j@issuu.com'),
(237, 'Yankee', 'Neissen', 'yneissen6k@ucsd.edu'),
(238, 'Maryjo', 'Bousfield', 'mbousfield6l@va.gov'),
(239, 'Anna-maria', 'Karim', 'akarim6m@ezinearticles.com'),
(240, 'Lexis', 'Cuerdall', 'lcuerdall6n@time.com'),
(241, 'Harold', 'Chaudron', 'hchaudron6o@forbes.com'),
(242, 'Archy', 'McCaffrey', 'amccaffrey6p@hugedomains.com'),
(243, 'Ninetta', 'Galland', 'ngalland6q@trellian.com'),
(244, 'Lissa', 'Sexty', 'lsexty6r@fema.gov'),
(245, 'Jodee', 'Justun', 'jjustun6s@mit.edu'),
(246, 'Alexia', 'Kopacek', 'akopacek6t@businesswire.com'),
(247, 'Amy', 'Gulliman', 'agulliman6u@netlog.com'),
(248, 'Rosanne', 'Leivesley', 'rleivesley6v@amazon.co.uk'),
(249, 'Roland', 'Scoffham', 'rscoffham6w@dmoz.org'),
(250, 'Corney', 'Liles', 'cliles6x@samsung.com'),
(251, 'Aloise', 'Lichfield', 'alichfield6y@yandex.ru'),
(252, 'Minnnie', 'Galbreath', 'mgalbreath6z@bizjournals.com'),
(253, 'Tedd', 'Juste', 'tjuste70@sogou.com'),
(254, 'Noel', 'Le Clercq', 'nleclercq71@foxnews.com'),
(255, 'Sydel', 'Ogilvie', 'sogilvie72@sbwire.com'),
(256, 'Guendolen', 'Jewett', 'gjewett73@un.org'),
(257, 'Dena', 'Cole', 'dcole74@slashdot.org'),
(258, 'Missy', 'Bauldry', 'mbauldry75@state.gov'),
(259, 'Rudie', 'Hazelton', 'rhazelton76@flickr.com'),
(260, 'Mercedes', 'Peggs', 'mpeggs77@pbs.org'),
(261, 'Fidelity', 'Roake', 'froake78@ow.ly'),
(262, 'Ansel', 'Trethowan', 'atrethowan79@whitehouse.gov'),
(263, 'Wyatt', 'Saleway', 'wsaleway7a@yellowbook.com'),
(264, 'Cy', 'Gritsaev', 'cgritsaev7b@sbwire.com'),
(265, 'Wynnie', 'Lowes', 'wlowes7c@privacy.gov.au'),
(266, 'Marian', 'Snooks', 'msnooks7d@yandex.ru'),
(267, 'Dwight', 'Dedman', 'ddedman7e@google.fr'),
(268, 'Grier', 'Minifie', 'gminifie7f@tripadvisor.com'),
(269, 'Judas', 'Gwinn', 'jgwinn7g@scientificamerican.com'),
(270, 'Gothart', 'Boshell', 'gboshell7h@indiegogo.com'),
(271, 'Gilligan', 'Poulsen', 'gpoulsen7i@cargocollective.com'),
(272, 'Lorettalorna', 'Colleford', 'lcolleford7j@japanpost.jp'),
(273, 'Haze', 'Whithalgh', 'hwhithalgh7k@w3.org'),
(274, 'Tove', 'Taffarello', 'ttaffarello7l@jalbum.net'),
(275, 'Veriee', 'Hanniger', 'vhanniger7m@surveymonkey.com'),
(276, 'Caril', 'Ingilson', 'cingilson7n@addtoany.com'),
(277, 'Esta', 'Gidman', 'egidman7o@amazon.co.jp'),
(278, 'Giulietta', 'Wield', 'gwield7p@wired.com'),
(279, 'Teodoor', 'Garm', 'tgarm7q@imgur.com'),
(280, 'Vanda', 'Mount', 'vmount7r@trellian.com'),
(281, 'Modestine', 'Sleford', 'msleford7s@ucoz.com'),
(282, 'Moe', 'Jerdan', 'mjerdan7t@intel.com'),
(283, 'Faustine', 'Banck', 'fbanck7u@msu.edu'),
(284, 'Conny', 'Redmire', 'credmire7v@google.pl'),
(285, 'Car', 'Deaton', 'cdeaton7w@biglobe.ne.jp'),
(286, 'Winona', 'Scase', 'wscase7x@wikimedia.org'),
(287, 'Northrop', 'Schwandermann', 'nschwandermann7y@unc.edu'),
(288, 'Shalne', 'Blankhorn', 'sblankhorn7z@twitpic.com'),
(289, 'Jarred', 'Adamek', 'jadamek80@washingtonpost.com'),
(290, 'Mikkel', 'Yglesia', 'myglesia81@microsoft.com'),
(291, 'Carina', 'Pundy', 'cpundy82@dion.ne.jp'),
(292, 'Bethena', 'Mowday', 'bmowday83@dot.gov'),
(293, 'Henderson', 'Choake', 'hchoake84@chicagotribune.com'),
(294, 'Alayne', 'Bearns', 'abearns85@marriott.com'),
(295, 'Pauletta', 'Haryngton', 'pharyngton86@cocolog-nifty.com'),
(296, 'Kingsly', 'Shord', 'kshord87@java.com'),
(297, 'Laurice', 'Kinner', 'lkinner88@webnode.com'),
(298, 'Matilda', 'Jachimczak', 'mjachimczak89@bbc.co.uk'),
(299, 'Norri', 'Santori', 'nsantori8a@cdc.gov'),
(300, 'Jocelin', 'Cowins', 'jcowins8b@yale.edu'),
(301, 'Jordon', 'Kiendl', 'jkiendl8c@google.co.jp'),
(302, 'Cariotta', 'Blind', 'cblind8d@example.com'),
(303, 'Hendrick', 'McRamsey', 'hmcramsey8e@t.co'),
(304, 'Norah', 'Cranmere', 'ncranmere8f@discuz.net'),
(305, 'Adriaens', 'Nuttall', 'anuttall8g@apple.com'),
(306, 'Ives', 'Coppock.', 'icoppock8h@harvard.edu'),
(307, 'Scotty', 'Kall', 'skall8i@cyberchimps.com'),
(308, 'Gustave', 'Scolts', 'gscolts8j@marketwatch.com'),
(309, 'Waldemar', 'Lidbetter', 'wlidbetter8k@redcross.org'),
(310, 'Marcile', 'Cherry Holme', 'mcherryholme8l@surveymonkey.com'),
(311, 'Seymour', 'Oris', 'soris8m@homestead.com'),
(312, 'Annmaria', 'Feander', 'afeander8n@hao123.com'),
(313, 'Maxy', 'Bagg', 'mbagg8o@hao123.com'),
(314, 'Samantha', 'Boothman', 'sboothman8p@tmall.com'),
(315, 'Raffarty', 'Saddler', 'rsaddler8q@microsoft.com'),
(316, 'Alain', 'Quilter', 'aquilter8r@amazon.com'),
(317, 'Osmond', 'Garretts', 'ogarretts8s@ning.com'),
(318, 'Hillard', 'Kerswill', 'hkerswill8t@i2i.jp'),
(319, 'Andre', 'Reinbach', 'areinbach8u@booking.com'),
(320, 'Alverta', 'Morteo', 'amorteo8v@ucsd.edu'),
(321, 'Riordan', 'Ost', 'rost8w@yellowbook.com'),
(322, 'Hewett', 'Rintoul', 'hrintoul8x@reverbnation.com'),
(323, 'Mack', 'Saterweyte', 'msaterweyte8y@utexas.edu'),
(324, 'Kania', 'Dalgety', 'kdalgety8z@usatoday.com'),
(325, 'Frasier', 'Sutcliffe', 'fsutcliffe90@bravesites.com'),
(326, 'Caty', 'Stopforth', 'cstopforth91@godaddy.com'),
(327, 'Wes', 'Tunnicliff', 'wtunnicliff92@ucoz.com'),
(328, 'Glori', 'Tieman', 'gtieman93@mediafire.com'),
(329, 'Kellia', 'Jamblin', 'kjamblin94@hatena.ne.jp'),
(330, 'Klaus', 'Orbell', 'korbell95@qq.com'),
(331, 'Brina', 'Norsworthy', 'bnorsworthy96@unblog.fr'),
(332, 'Pat', 'Antonazzi', 'pantonazzi97@edublogs.org'),
(333, 'Barty', 'Boxe', 'bboxe98@ox.ac.uk'),
(334, 'Vyky', 'Causey', 'vcausey99@topsy.com'),
(335, 'Tally', 'Hayball', 'thayball9a@bloglines.com'),
(336, 'Cobbie', 'Urquhart', 'curquhart9b@icq.com'),
(337, 'Aimil', 'Mattingson', 'amattingson9c@blog.com'),
(338, 'Barry', 'Street', 'bstreet9d@phoca.cz'),
(339, 'Korrie', 'Studholme', 'kstudholme9e@time.com'),
(340, 'Bartolemo', 'Cowpertwait', 'bcowpertwait9f@usa.gov'),
(341, 'Marcelline', 'Seater', 'mseater9g@google.fr'),
(342, 'Mersey', 'Dwyer', 'mdwyer9h@acquirethisname.com'),
(343, 'Aldus', 'Dinley', 'adinley9i@desdev.cn'),
(344, 'Reggie', 'Mc Giffin', 'rmcgiffin9j@diigo.com'),
(345, 'Juline', 'Beeson', 'jbeeson9k@fastcompany.com'),
(346, 'Austina', 'O\'Calleran', 'aocalleran9l@cnbc.com'),
(347, 'Kennie', 'Spat', 'kspat9m@typepad.com'),
(348, 'Lynne', 'Mattaus', 'lmattaus9n@hexun.com'),
(349, 'Kirbee', 'Formby', 'kformby9o@a8.net'),
(350, 'Selina', 'Howles', 'showles9p@desdev.cn'),
(351, 'Kiley', 'Cussons', 'kcussons9q@over-blog.com'),
(352, 'Jacquenette', 'Lamey', 'jlamey9r@fda.gov'),
(353, 'Florina', 'Braghini', 'fbraghini9s@chicagotribune.com'),
(354, 'Everett', 'Stear', 'estear9t@npr.org'),
(355, 'Derek', 'Abraham', 'dabraham9u@illinois.edu'),
(356, 'Guido', 'Alejandro', 'galejandro9v@harvard.edu'),
(357, 'Gabriella', 'Buxsy', 'gbuxsy9w@sakura.ne.jp'),
(358, 'Ashley', 'Duckitt', 'aduckitt9x@newyorker.com'),
(359, 'Waldo', 'Lillecrap', 'wlillecrap9y@csmonitor.com'),
(360, 'Lotte', 'Rowet', 'lrowet9z@blogs.com'),
(361, 'Clemmy', 'Casazza', 'ccasazzaa0@pbs.org'),
(362, 'Melloney', 'Nisot', 'mnisota1@altervista.org'),
(363, 'Rosamond', 'Adamolli', 'radamollia2@newyorker.com'),
(364, 'Pierre', 'Lound', 'plounda3@hc360.com'),
(365, 'Georgianne', 'Fillis', 'gfillisa4@moonfruit.com'),
(366, 'Oby', 'Gonning', 'ogonninga5@goo.ne.jp'),
(367, 'Bronson', 'Steward', 'bstewarda6@hubpages.com'),
(368, 'Deedee', 'Fedder', 'dfeddera7@nymag.com'),
(369, 'Hillel', 'Folbigg', 'hfolbigga8@rakuten.co.jp'),
(370, 'Jerrilee', 'Mitchiner', 'jmitchinera9@washingtonpost.com'),
(371, 'Normand', 'Doerling', 'ndoerlingaa@usda.gov'),
(372, 'Nev', 'Baggiani', 'nbaggianiab@narod.ru'),
(373, 'Ansell', 'Baxster', 'abaxsterac@altervista.org'),
(374, 'Zack', 'Cramp', 'zcrampad@ihg.com'),
(375, 'Doralyn', 'Stirley', 'dstirleyae@csmonitor.com'),
(376, 'Dory', 'Wheelton', 'dwheeltonaf@clickbank.net'),
(377, 'Annalise', 'Dimitriou', 'adimitriouag@engadget.com'),
(378, 'Ulrike', 'Heiden', 'uheidenah@newsvine.com'),
(379, 'Willabella', 'Anniwell', 'wanniwellai@bizjournals.com'),
(380, 'Gram', 'Pideon', 'gpideonaj@cafepress.com'),
(381, 'Elisabet', 'Brackenridge', 'ebrackenridgeak@123-reg.co.uk'),
(382, 'Dagny', 'Crabtree', 'dcrabtreeal@wordpress.com'),
(383, 'Kienan', 'Belward', 'kbelwardam@dagondesign.com'),
(384, 'Aharon', 'Trower', 'atroweran@sohu.com'),
(385, 'Friederike', 'Lardeur', 'flardeurao@ocn.ne.jp'),
(386, 'Cristina', 'Pipkin', 'cpipkinap@hc360.com'),
(387, 'Lura', 'Gallally', 'lgallallyaq@marriott.com'),
(388, 'Orv', 'Gilston', 'ogilstonar@com.com'),
(389, 'Rasla', 'Boorman', 'rboormanas@bloglines.com'),
(390, 'Harriot', 'Powdrill', 'hpowdrillat@clickbank.net'),
(391, 'Cora', 'O\'Howbane', 'cohowbaneau@dmoz.org'),
(392, 'Bing', 'Dawe', 'bdaweav@ehow.com'),
(393, 'Cindie', 'Tritten', 'ctrittenaw@china.com.cn'),
(394, 'Leonelle', 'Scimone', 'lscimoneax@aol.com'),
(395, 'Lilah', 'Mursell', 'lmursellay@cafepress.com'),
(396, 'Lida', 'Cunah', 'lcunahaz@ucsd.edu'),
(397, 'Modestia', 'Bennie', 'mbennieb0@theglobeandmail.com'),
(398, 'Boony', 'Malafe', 'bmalafeb1@bbc.co.uk'),
(399, 'Cammie', 'Halfhead', 'chalfheadb2@yelp.com'),
(400, 'Claudianus', 'Rosingdall', 'crosingdallb3@microsoft.com'),
(401, 'Royce', 'Bathersby', 'rbathersbyb4@ezinearticles.com'),
(402, 'Merrili', 'Feehely', 'mfeehelyb5@usda.gov'),
(403, 'Elianore', 'Speed', 'espeedb6@smugmug.com'),
(404, 'Rhonda', 'McMorland', 'rmcmorlandb7@omniture.com'),
(405, 'Gisele', 'Balma', 'gbalmab8@xing.com'),
(406, 'Helga', 'Griffitt', 'hgriffittb9@webs.com'),
(407, 'Winne', 'Marsden', 'wmarsdenba@bizjournals.com'),
(408, 'Van', 'Keme', 'vkemebb@webnode.com'),
(409, 'Guglielmo', 'Drinkwater', 'gdrinkwaterbc@fema.gov'),
(410, 'Abbye', 'Corgenvin', 'acorgenvinbd@dailymail.co.uk'),
(411, 'Mischa', 'Portal', 'mportalbe@fotki.com'),
(412, 'Lana', 'Steers', 'lsteersbf@cocolog-nifty.com'),
(413, 'Mirabel', 'Fischer', 'mfischerbg@free.fr'),
(414, 'Jerrilee', 'Dictus', 'jdictusbh@webs.com'),
(415, 'Lucie', 'Dimnage', 'ldimnagebi@ft.com'),
(416, 'Lorena', 'Bromell', 'lbromellbj@netlog.com'),
(417, 'Samuele', 'Bleasdale', 'sbleasdalebk@arstechnica.com'),
(418, 'Tedmund', 'Witherbed', 'twitherbedbl@economist.com'),
(419, 'Kiley', 'Cromie', 'kcromiebm@domainmarket.com'),
(420, 'Jere', 'Prantoni', 'jprantonibn@cnn.com'),
(421, 'Craggy', 'Britch', 'cbritchbo@tinypic.com'),
(422, 'Valencia', 'Bunyan', 'vbunyanbp@hatena.ne.jp'),
(423, 'Thaddeus', 'Kellart', 'tkellartbq@mysql.com'),
(424, 'Wildon', 'Picard', 'wpicardbr@buzzfeed.com'),
(425, 'Reggis', 'Yusupov', 'ryusupovbs@posterous.com'),
(426, 'Gothart', 'Rennenbach', 'grennenbachbt@so-net.ne.jp'),
(427, 'Carolee', 'Brimblecombe', 'cbrimblecombebu@webmd.com'),
(428, 'Kati', 'McLenaghan', 'kmclenaghanbv@java.com'),
(429, 'Hobart', 'Dunniom', 'hdunniombw@dot.gov'),
(430, 'Aldis', 'Ovenell', 'aovenellbx@miibeian.gov.cn'),
(431, 'Trescha', 'Langrish', 'tlangrishby@g.co'),
(432, 'Drucill', 'Burhouse', 'dburhousebz@bluehost.com'),
(433, 'Pauline', 'Goodin', 'pgoodinc0@shinystat.com'),
(434, 'Janetta', 'Hallwell', 'jhallwellc1@ibm.com'),
(435, 'Humfrid', 'Halwill', 'hhalwillc2@biglobe.ne.jp'),
(436, 'Axel', 'Vonasek', 'avonasekc3@squarespace.com'),
(437, 'Fancy', 'Lewsam', 'flewsamc4@economist.com'),
(438, 'Angie', 'Athelstan', 'aathelstanc5@cyberchimps.com'),
(439, 'Eward', 'Paynton', 'epayntonc6@fotki.com'),
(440, 'Daniela', 'Prazor', 'dprazorc7@blogtalkradio.com'),
(441, 'Robb', 'Moxham', 'rmoxhamc8@ycombinator.com'),
(442, 'Lorianna', 'Schapero', 'lschaperoc9@bandcamp.com'),
(443, 'Dorthea', 'Swinerd', 'dswinerdca@hhs.gov'),
(444, 'Angie', 'Griggs', 'agriggscb@imgur.com'),
(445, 'Ainsley', 'Powder', 'apowdercc@reddit.com'),
(446, 'Jarret', 'Mottinelli', 'jmottinellicd@discovery.com'),
(447, 'Cristie', 'Bodiam', 'cbodiamce@ox.ac.uk'),
(448, 'Joni', 'Croutear', 'jcroutearcf@issuu.com'),
(449, 'Reggie', 'Zanetto', 'rzanettocg@howstuffworks.com'),
(450, 'Shannon', 'Etches', 'setchesch@163.com'),
(451, 'Pincus', 'Spreadbury', 'pspreadburyci@java.com'),
(452, 'Vilhelmina', 'Beck', 'vbeckcj@cisco.com'),
(453, 'Modesty', 'Greenless', 'mgreenlessck@umn.edu'),
(454, 'Normand', 'Maass', 'nmaasscl@fc2.com'),
(455, 'Tadd', 'Dorton', 'tdortoncm@hud.gov'),
(456, 'Prentice', 'Kiddey', 'pkiddeycn@1688.com'),
(457, 'Cathi', 'Keywood', 'ckeywoodco@devhub.com'),
(458, 'Cairistiona', 'Tomaschke', 'ctomaschkecp@cnet.com'),
(459, 'Fan', 'Bosch', 'fboschcq@kickstarter.com'),
(460, 'Calley', 'Boutcher', 'cboutchercr@aboutads.info'),
(461, 'Filip', 'Berthelmot', 'fberthelmotcs@ucsd.edu'),
(462, 'Flossy', 'Josland', 'fjoslandct@pinterest.com'),
(463, 'Madelene', 'Stolberger', 'mstolbergercu@bbc.co.uk'),
(464, 'Colan', 'Gluyus', 'cgluyuscv@springer.com'),
(465, 'Thorny', 'Quail', 'tquailcw@patch.com'),
(466, 'Sheree', 'Tidridge', 'stidridgecx@boston.com'),
(467, 'Sarene', 'Gabbett', 'sgabbettcy@histats.com'),
(468, 'Charmian', 'Zucker', 'czuckercz@deviantart.com'),
(469, 'Thacher', 'Flagg', 'tflaggd0@abc.net.au'),
(470, 'Jania', 'Jannasch', 'jjannaschd1@simplemachines.org'),
(471, 'Hymie', 'Tal', 'htald2@chicagotribune.com'),
(472, 'Kaela', 'Belli', 'kbellid3@netscape.com'),
(473, 'Sid', 'Bown', 'sbownd4@wsj.com'),
(474, 'Lenka', 'Maryan', 'lmaryand5@eventbrite.com'),
(475, 'Diane', 'Spatig', 'dspatigd6@washington.edu'),
(476, 'Merv', 'Sanford', 'msanfordd7@google.nl'),
(477, 'Braden', 'Stimpson', 'bstimpsond8@flavors.me'),
(478, 'Guthrie', 'Ireson', 'giresond9@arstechnica.com'),
(479, 'Dee dee', 'Donnellan', 'ddonnellanda@ed.gov'),
(480, 'Rex', 'McLachlan', 'rmclachlandb@goo.ne.jp'),
(481, 'Vina', 'Howgego', 'vhowgegodc@aboutads.info'),
(482, 'Tamma', 'Visick', 'tvisickdd@macromedia.com'),
(483, 'Brendan', 'Dulwitch', 'bdulwitchde@phoca.cz'),
(484, 'Shadow', 'Leneham', 'slenehamdf@businessinsider.com'),
(485, 'Lowe', 'Buncom', 'lbuncomdg@cnn.com'),
(486, 'Cordelia', 'Milkins', 'cmilkinsdh@cdbaby.com'),
(487, 'Susanetta', 'Murtell', 'smurtelldi@gov.uk'),
(488, 'Sibley', 'Evelyn', 'sevelyndj@cam.ac.uk'),
(489, 'Ag', 'Letchford', 'aletchforddk@mozilla.com'),
(490, 'Engelbert', 'Dutnall', 'edutnalldl@army.mil'),
(491, 'Codie', 'Barajaz', 'cbarajazdm@amazon.com'),
(492, 'Randall', 'Pflieger', 'rpfliegerdn@behance.net'),
(493, 'Zack', 'Bosden', 'zbosdendo@zdnet.com'),
(494, 'Lurleen', 'Leabeater', 'lleabeaterdp@altervista.org'),
(495, 'Marcella', 'MacAnellye', 'mmacanellyedq@homestead.com'),
(496, 'Krista', 'Fender', 'kfenderdr@spiegel.de'),
(497, 'Dorry', 'Crawcour', 'dcrawcourds@cloudflare.com'),
(498, 'Katya', 'Monahan', 'kmonahandt@gnu.org'),
(499, 'Guy', 'Kleen', 'gkleendu@aboutads.info'),
(500, 'Joelle', 'Amorine', 'jamorinedv@wikimedia.org');

-- --------------------------------------------------------

--
-- Table structure for table `teachers`
--

CREATE TABLE `teachers` (
  `id` int(11) NOT NULL,
  `firstname` varchar(45) NOT NULL,
  `lastname` varchar(45) NOT NULL,
  `email` varchar(45) NOT NULL
) ENGINE=InnoDB DEFAULT CHARSET=utf8;

--
-- Dumping data for table `teachers`
--

INSERT INTO `teachers` (`id`, `firstname`, `lastname`, `email`) VALUES
(1, 'Lucina', 'Humpage', 'lhumpage0@surveymonkey.com'),
(2, 'Scarlet', 'Ledwich', 'sledwich1@a8.net'),
(3, 'Helli', 'Wayman', 'hwayman2@answers.com'),
(4, 'Cissy', 'Dyerson', 'cdyerson3@imdb.com'),
(5, 'Anna-maria', 'Stollsteiner', 'astollsteiner4@lycos.com'),
(6, 'Tyne', 'Jonathon', 'tjonathon5@google.pl'),
(7, 'Gill', 'Karolewski', 'gkarolewski6@e-recht24.de'),
(8, 'Townsend', 'Rentoll', 'trentoll7@aboutads.info'),
(9, 'Davita', 'Echallie', 'dechallie8@networkadvertising.org'),
(10, 'Belle', 'Creavin', 'bcreavin9@sakura.ne.jp'),
(11, 'Ludvig', 'Van Dalen', 'lvandalena@t.co'),
(12, 'Hirsch', 'Cheales', 'hchealesb@surveymonkey.com'),
(13, 'Angel', 'Lombardo', 'alombardoc@theglobeandmail.com'),
(14, 'Garreth', 'Quant', 'gquantd@google.com'),
(15, 'Dorry', 'Putman', 'dputmane@china.com.cn'),
(16, 'Georgette', 'Nesterov', 'gnesterovf@cornell.edu'),
(17, 'Josiah', 'Olufsen', 'jolufseng@nydailynews.com'),
(18, 'Nanci', 'Dungate', 'ndungateh@newsvine.com'),
(19, 'Tildy', 'Ramelot', 'trameloti@multiply.com'),
(20, 'Virgilio', 'Bemlott', 'vbemlottj@uol.com.br'),
(21, 'Russ', 'Bennedick', 'rbennedickk@ehow.com'),
(22, 'Andy', 'Piatti', 'apiattil@pbs.org'),
(23, 'Caleb', 'Petcher', 'cpetcherm@mapy.cz'),
(24, 'Genna', 'Verrier', 'gverriern@npr.org'),
(25, 'Gamaliel', 'Van Bruggen', 'gvanbruggeno@washingtonpost.com'),
(26, 'Rochette', 'Lambourne', 'rlambournep@etsy.com'),
(27, 'Oby', 'Birdis', 'obirdisq@clickbank.net'),
(28, 'Cherianne', 'Arens', 'carensr@auda.org.au'),
(29, 'Elora', 'Stebbins', 'estebbinss@constantcontact.com'),
(30, 'Sutherland', 'Calladine', 'scalladinet@networksolutions.com');

-- --------------------------------------------------------

--
-- Table structure for table `teaches`
--

CREATE TABLE `teaches` (
  `id` int(11) NOT NULL,
  `fk_teacher` int(11) NOT NULL,
  `fk_class` int(11) NOT NULL
) ENGINE=InnoDB DEFAULT CHARSET=utf8;

--
-- Dumping data for table `teaches`
--

INSERT INTO `teaches` (`id`, `fk_teacher`, `fk_class`) VALUES
(1, 1, 3),
(2, 2, 1),
(3, 3, 21),
(4, 4, 18),
(5, 5, 22),
(6, 6, 16),
(7, 7, 10),
(8, 8, 17),
(9, 9, 5),
(10, 10, 22),
(11, 11, 10),
(12, 12, 12),
(13, 13, 6),
(14, 14, 10),
(15, 15, 11),
(16, 16, 9),
(17, 17, 1),
(18, 18, 20),
(19, 19, 6),
(20, 20, 23),
(21, 21, 14),
(22, 22, 19),
(23, 23, 13),
(24, 24, 1),
(25, 25, 2),
(26, 26, 5),
(27, 27, 18),
(28, 28, 7),
(29, 29, 9),
(30, 30, 16),
(31, 1, 22),
(32, 2, 13),
(33, 3, 12),
(34, 4, 21),
(35, 5, 15),
(36, 6, 19),
(37, 7, 7),
(38, 8, 23),
(39, 9, 17),
(40, 10, 3),
(41, 11, 13),
(42, 12, 23),
(43, 13, 8),
(44, 14, 22),
(45, 15, 12),
(46, 16, 19),
(47, 17, 11),
(48, 18, 24),
(49, 19, 21),
(50, 20, 2),
(51, 21, 11),
(52, 22, 24),
(53, 23, 15),
(54, 24, 20),
(55, 25, 2),
(56, 26, 4),
(57, 27, 20),
(58, 28, 17),
(59, 29, 15),
(60, 30, 4),
(61, 1, 6),
(62, 2, 16),
(63, 3, 16),
(64, 4, 4),
(65, 5, 8),
(66, 6, 14),
(67, 7, 17),
(68, 8, 8),
(69, 9, 9),
(70, 10, 7),
(71, 11, 14),
(72, 12, 5),
(73, 13, 3),
(74, 14, 18),
(75, 15, 24);

--
-- Indexes for dumped tables
--

--
-- Indexes for table `attends`
--
ALTER TABLE `attends`
  ADD PRIMARY KEY (`id`),
  ADD UNIQUE KEY `fk_student` (`fk_student`),
  ADD KEY `fk_class` (`fk_class`);

--
-- Indexes for table `classes`
--
ALTER TABLE `classes`
  ADD PRIMARY KEY (`id`),
  ADD UNIQUE KEY `name` (`name`);

--
-- Indexes for table `students`
--
ALTER TABLE `students`
  ADD PRIMARY KEY (`id`);

--
-- Indexes for table `teachers`
--
ALTER TABLE `teachers`
  ADD PRIMARY KEY (`id`);

--
-- Indexes for table `teaches`
--
ALTER TABLE `teaches`
  ADD PRIMARY KEY (`id`),
  ADD KEY `fk_teacher` (`fk_teacher`),
  ADD KEY `fk_class` (`fk_class`);

--
-- AUTO_INCREMENT for dumped tables
--

--
-- AUTO_INCREMENT for table `attends`
--
ALTER TABLE `attends`
  MODIFY `id` int(11) NOT NULL AUTO_INCREMENT, AUTO_INCREMENT=501;

--
-- AUTO_INCREMENT for table `classes`
--
ALTER TABLE `classes`
  MODIFY `id` int(11) NOT NULL AUTO_INCREMENT, AUTO_INCREMENT=25;

--
-- AUTO_INCREMENT for table `students`
--
ALTER TABLE `students`
  MODIFY `id` int(11) NOT NULL AUTO_INCREMENT, AUTO_INCREMENT=501;

--
-- AUTO_INCREMENT for table `teachers`
--
ALTER TABLE `teachers`
  MODIFY `id` int(11) NOT NULL AUTO_INCREMENT, AUTO_INCREMENT=101;

--
-- AUTO_INCREMENT for table `teaches`
--
ALTER TABLE `teaches`
  MODIFY `id` int(11) NOT NULL AUTO_INCREMENT, AUTO_INCREMENT=76;

--
-- Constraints for dumped tables
--

--
-- Constraints for table `attends`
--
ALTER TABLE `attends`
  ADD CONSTRAINT `attends_ibfk_1` FOREIGN KEY (`fk_student`) REFERENCES `students` (`id`),
  ADD CONSTRAINT `attends_ibfk_2` FOREIGN KEY (`fk_class`) REFERENCES `classes` (`id`);

--
-- Constraints for table `teaches`
--
ALTER TABLE `teaches`
  ADD CONSTRAINT `teaches_ibfk_1` FOREIGN KEY (`fk_teacher`) REFERENCES `teachers` (`id`),
  ADD CONSTRAINT `teaches_ibfk_2` FOREIGN KEY (`fk_class`) REFERENCES `classes` (`id`);
COMMIT;

/*!40101 SET CHARACTER_SET_CLIENT=@OLD_CHARACTER_SET_CLIENT */;
/*!40101 SET CHARACTER_SET_RESULTS=@OLD_CHARACTER_SET_RESULTS */;
/*!40101 SET COLLATION_CONNECTION=@OLD_COLLATION_CONNECTION */;
